model,r2,mae,rmse,reg_horizon,reg_model,wf_xgb_r2,wf_safe_r2,acc,bal_acc,mcc,precision,recall,f1,auc
xgb_reg,0.0023383928996719705,0.029179298839036204,0.03707505468821212,5,xgb_reg,-0.1697074413484615,-0.8097678568748834,0.4919786096256685,0.4934377158646097,-0.013091451977384797,0.5333333333333333,0.4752475247524752,0.5026178010471204,0.4645150561567785
lstm,,,,5,,,,,,,,,,
ensemble,0.0023383928996719705,0.029179298839036204,0.03707505468821212,5,,,,,,,,,,
