model,r2,mae,rmse,reg_horizon,reg_model,wf_xgb_r2,wf_safe_r2,acc,bal_acc,mcc,precision,recall,f1,auc
xgb_reg,-0.004649812154002619,0.028830156317925393,0.03683257948387156,5,xgb_reg,-0.04954615638177272,-0.8337021514727712,0.517921146953405,0.514762723476867,0.029534038452028736,0.5529801324503312,0.5548172757475083,0.5538971807628524,0.48961955608412944
lstm,,,,5,,,,,,,,,,
ensemble,-0.004649812154002619,0.028830156317925393,0.03683257948387156,5,,,,,,,,,,
