model,r2,mae,rmse,reg_horizon,reg_model,wf_xgb_r2,wf_safe_r2,acc,bal_acc,mcc,precision,recall,f1,auc
xgb_reg,-0.010365086328836481,0.031673372136818714,0.03958087152580449,5,xgb_reg,-0.03400579595679784,-0.5855733493811022,0.45340501792114696,0.4878354390727785,-0.02894591057897212,0.536,0.21337579617834396,0.3052391799544419,0.5134045108071422
lstm,,,,5,,,,,,,,,,
ensemble,-0.010365086328836481,0.031673372136818714,0.03958087152580449,5,,,,,,,,,,
