model,r2,mae,rmse,reg_horizon,reg_model,wf_xgb_r2,wf_safe_r2,acc,bal_acc,mcc,precision,recall,f1,auc
xgb_reg,-0.009552427858568802,0.03176629296135669,0.03963375929833763,5,xgb_reg,-0.03384303895322702,-0.15942053422351415,0.47950089126559714,0.5065067964164349,0.014735799671086252,0.5684931506849316,0.266025641025641,0.3624454148471616,0.5175316651220265
lstm,,,,5,,,,,,,,,,
ensemble,-0.009552427858568802,0.03176629296135669,0.03963375929833763,5,,,,,,,,,,
