model,r2,mae,rmse,reg_horizon,reg_model,wf_xgb_r2,wf_safe_r2,acc,bal_acc,mcc,precision,recall,f1,auc
xgb_reg,-0.013695491089919853,0.023849626113650955,0.03130757232390164,5,xgb_reg,-0.21788388270599285,-0.6999684487308335,0.49910873440285203,0.4903411845765177,-0.020082462277617175,0.5236768802228412,0.6308724832214765,0.5722983257229832,0.5203766555235154
lstm,,,,5,,,,,,,,,,
ensemble,-0.013695491089919853,0.023849626113650955,0.03130757232390164,5,,,,,,,,,,
