model,r2,mae,rmse,reg_horizon,reg_model,wf_xgb_r2,wf_safe_r2,acc,bal_acc,mcc,precision,recall,f1,auc
xgb_reg,-0.016518331028114286,0.02374928146299542,0.03126106898277822,5,xgb_reg,-0.020250723732000875,-0.7966711637434962,0.532258064516129,0.5226744186046511,0.04680560952038752,0.5555555555555556,0.65,0.5990783410138248,0.5425322997416021
lstm,,,,5,,,,,,,,,,
ensemble,-0.016518331028114286,0.02374928146299542,0.03126106898277822,5,,,,,,,,,,
