model,r2,mae,rmse,reg_horizon,reg_model,wf_xgb_r2,wf_safe_r2,acc,bal_acc,mcc,precision,recall,f1,auc
xgb_reg,-0.0007371692642474947,0.04623259867224626,0.055842989797584966,5,xgb_reg,-0.03561928596125252,-0.36025312230414575,0.471326164874552,0.5086144453642384,0.040008440947222,0.6296296296296297,0.056291390728476824,0.1033434650455927,0.5148877276490067
lstm,,,,5,,,,,,,,,,
ensemble,-0.0007371692642474947,0.04623259867224626,0.055842989797584966,5,,,,,,,,,,
